Workbook

Sheet natural_gas
A1: month_key | B1: billing_start | C1: billing_end | D1: utility | E1: usage_value | F1: usage_unit | G1: cost_usd | H1: cost_per_unit | I1: emissions_factor | J1: co2e_metric_tons
A2: 45992 | B2: 46008 | C2: 46020 | D2: NW Natural | E2: 50.1 | F2: therms | G2: 93.95 | H2: =G2/E2 -> 1.8752495 | I2: 0.0053 | J2: =E2*I2 -> 0.26553
A3: 46023 | B3: 46021 | C3: 46051 | D3: NW Natural | E3: 108.7 | F3: therms | G3: 171.43 | H3: =G3/E3 -> 1.5770929 | I3: 0.0053 | J3: =E3*I3 -> 0.57611
A4: 46054 | B4: 46052 | C4: 46080 | D4: NW Natural | E4: 47.3 | F4: therms | G4: 92.68 | H4: =G4/E4 -> 1.959408 | I4: 0.0053 | J4: =E4*I4 -> 0.25069
A5: 46082 | B5: 46081 | C5: 46111 | D5: NW Natural | E5: 51.2 | F5: therms | G5: 97.78 | H5: =G5/E5 -> 1.9097656 | I5: 0.0053 | J5: =E5*I5 -> 0.27136
A6: 46113 | B6: 46112 | C6: 46140 | D6: NW Natural | E6: 31.6 | F6: therms | G6: 66.96 | H6: =G6/E6 -> 2.1189873 | I6: 0.0053 | J6: =E6*I6 -> 0.16748
A7: 46143
A8: 46174
A9: 46204
A10: 46235
A11: 46266
A12: 46296
A13: 46327
A14: 46357
A15: 46388

Sheet electric
A1: month_key | B1: billing_start | C1: billing_end | D1: utility | E1: usage_value | F1: usage_unit | G1: cost_usd | H1: cost_per_unit | I1: emissions_factor | J1: co2e_metric_tons
A2: 45992 | B2: 46008 | C2: 46022 | D2: PGE | E2: 144.5 | F2: kWh | G2: 35.58 | H2: =G2/E2 -> 0.24622837 | I2: 0.000288 | J2: =I2*E2 -> 0.041616
A3: 46023 | B3: 46023 | C3: 46058 | D3: PGE | E3: 144.5 | F3: kWh | G3: 35.58 | H3: =G3/E3 -> 0.24622837 | I3: 0.000288 | J3: =I3*E3 -> 0.041616
A4: 46054 | B4: 46059 | C4: 46078 | D4: PGE | E4: 128 | F4: kWh | G4: 35.06 | H4: =G4/E4 -> 0.27390625 | I4: 0.000288 | J4: =I4*E4 -> 0.036864
A5: 46082 | B5: 46079 | C5: 46107 | D5: PGE | E5: 270 | F5: kWh | G5: 67.18 | H5: =G5/E5 -> 0.24881481 | I5: 0.000288 | J5: =I5*E5 -> 0.07776
A6: 46113 | B6: 46108 | C6: 46138 | D6: PGE | E6: 283 | F6: kWh | G6: 72.48 | H6: =G6/E6 -> 0.25611307 | I6: 0.000288 | J6: =I6*E6 -> 0.081504
A7: 46143
A8: 46174
A9: 46204
A10: 46235
A11: 46266
A12: 46296
A13: 46327
A14: 46357
A15: 46388

Sheet Monthly Footprint
A1: month_key | B1: co2e_metric_tons_gas | C1: co2e_metric_tons_electric | D1: co2e_metric_tons_total
A2: 45992 | B2: =SUMIF(natural_gas!A:A, A2, natural_gas!J:J) -> 0.26553 | C2: =SUMIF(electric!A:A, A2, electric!J:J) -> 0.041616 | D2: =B2+C2 -> 0.307146
A3: 46023 | B3: =SUMIF(natural_gas!A:A, A3, natural_gas!J:J) -> 0.57611 | C3: =SUMIF(electric!A:A, A3, electric!J:J) -> 0.041616 | D3: =B3+C3 -> 0.617726
A4: 46054 | B4: =SUMIF(natural_gas!A:A, A4, natural_gas!J:J) -> 0.25069 | C4: =SUMIF(electric!A:A, A4, electric!J:J) -> 0.036864 | D4: =B4+C4 -> 0.287554
A5: 46082 | B5: =SUMIF(natural_gas!A:A, A5, natural_gas!J:J) -> 0.27136 | C5: =SUMIF(electric!A:A, A5, electric!J:J) -> 0.07776 | D5: =B5+C5 -> 0.34912
A6: 46113 | B6: =SUMIF(natural_gas!A:A, A6, natural_gas!J:J) -> 0.16748 | C6: =SUMIF(electric!A:A, A6, electric!J:J) -> 0.081504 | D6: =B6+C6 -> 0.248984
